-- phpMyAdmin SQL Dump
-- version 5.2.0
-- https://www.phpmyadmin.net/
--
-- Host: 127.0.0.1
-- Generation Time: Mar 09, 2024 at 12:43 PM
-- Server version: 10.4.19-MariaDB
-- PHP Version: 8.0.7

SET SQL_MODE = "NO_AUTO_VALUE_ON_ZERO";
START TRANSACTION;
SET time_zone = "+00:00";


/*!40101 SET @OLD_CHARACTER_SET_CLIENT=@@CHARACTER_SET_CLIENT */;
/*!40101 SET @OLD_CHARACTER_SET_RESULTS=@@CHARACTER_SET_RESULTS */;
/*!40101 SET @OLD_COLLATION_CONNECTION=@@COLLATION_CONNECTION */;
/*!40101 SET NAMES utf8mb4 */;

--
-- Database: `lakers`
--

-- --------------------------------------------------------

--
-- Table structure for table `match`
--

CREATE TABLE `match` (
  `date` date DEFAULT NULL,
  `home` int(2) DEFAULT NULL,
  `homescore` int(3) DEFAULT NULL,
  `awayscore` int(3) DEFAULT NULL,
  `away` int(2) DEFAULT NULL
) ENGINE=InnoDB DEFAULT CHARSET=utf8;

--
-- Dumping data for table `match`
--

INSERT INTO `match` (`date`, `home`, `homescore`, `awayscore`, `away`) VALUES
('2023-01-01', 1, 89, 93, 2),
('2023-01-02', 4, 73, 128, 1),
('2023-01-03', 3, 112, 61, 1),
('2023-01-04', 5, 102, 95, 1),
('2023-01-05', 1, 52, 59, 3),
('2023-01-06', 1, 120, 117, 4),
('2023-01-07', 1, 51, 122, 5),
('2023-01-08', 1, 73, 103, 4),
('2023-01-09', 1, 107, 95, 3),
('2023-01-10', 5, 78, 65, 1),
('2023-01-11', 1, 85, 103, 5),
('2023-01-12', 1, 84, 55, 3),
('2023-01-13', 1, 77, 92, 7),
('2023-01-14', 6, 96, 116, 1),
('2023-01-15', 7, 121, 106, 1),
('2023-01-16', 4, 116, 77, 1),
('2023-01-17', 6, 98, 78, 1),
('2023-01-18', 4, 122, 69, 1),
('2023-01-19', 7, 67, 51, 1),
('2023-01-20', 1, 69, 107, 6),
('2023-01-21', 1, 68, 111, 7),
('2023-01-22', 1, 109, 69, 4),
('2023-01-23', 1, 93, 117, 9),
('2023-01-24', 1, 53, 95, 8),
('2023-01-25', 1, 58, 88, 4),
('2023-01-26', 1, 123, 128, 6),
('2023-01-27', 1, 100, 113, 8),
('2023-01-28', 6, 63, 125, 1),
('2023-01-29', 1, 55, 51, 2),
('2023-01-30', 1, 56, 68, 2),
('2023-01-31', 1, 67, 99, 2),
('2023-02-01', 1, 93, 101, 8),
('2023-02-02', 1, 118, 105, 4),
('2023-02-03', 4, 51, 94, 1),
('2023-02-04', 9, 50, 128, 1),
('2023-02-05', 8, 126, 113, 1),
('2023-02-06', 4, 112, 74, 1),
('2023-02-07', 6, 108, 78, 1),
('2023-02-08', 9, 126, 65, 1),
('2023-02-09', 4, 85, 94, 1),
('2023-02-10', 8, 80, 117, 1),
('2023-02-11', 9, 70, 115, 1),
('2023-02-12', 4, 73, 114, 1),
('2023-02-13', 1, 117, 59, 6),
('2023-02-14', 9, 115, 118, 1),
('2023-02-15', 5, 128, 57, 1),
('2023-02-16', 9, 79, 69, 1),
('2023-02-17', 5, 74, 81, 1),
('2023-02-18', 1, 96, 93, 9),
('2023-02-19', 1, 93, 130, 5),
('2023-02-20', 1, 97, 80, 10),
('2023-02-21', 6, 58, 128, 1),
('2023-02-22', 10, 102, 88, 1),
('2023-02-23', 1, 105, 90, 6),
('2023-02-24', 1, 127, 58, 5),
('2023-02-25', 1, 130, 93, 10),
('2023-02-26', 1, 65, 67, 5),
('2023-02-27', 10, 70, 91, 1),
('2023-02-28', 1, 76, 90, 11),
('2023-03-01', 1, 120, 71, 11),
('2023-03-02', 1, 51, 123, 5),
('2023-03-03', 11, 75, 52, 1),
('2023-03-04', 11, 74, 128, 1),
('2023-03-05', 4, 53, 57, 1),
('2023-03-06', 5, 114, 123, 1),
('2023-03-07', 4, 56, 60, 1),
('2023-03-08', 11, 93, 88, 1),
('2023-03-09', 5, 82, 71, 1),
('2023-03-10', 5, 86, 102, 1),
('2023-03-11', 11, 109, 64, 1),
('2023-03-12', 4, 95, 82, 1),
('2023-03-13', 8, 50, 69, 1),
('2023-03-14', 6, 111, 53, 1),
('2023-03-15', 8, 71, 80, 1),
('2023-03-16', 4, 116, 67, 1),
('2023-03-17', 6, 92, 124, 1),
('2023-03-18', 1, 126, 52, 8),
('2023-03-19', 1, 64, 81, 5),
('2023-03-20', 1, 106, 109, 6),
('2023-03-21', 1, 59, 120, 4),
('2023-03-22', 1, 96, 108, 10),
('2023-03-23', 1, 53, 61, 11),
('2023-03-24', 1, 80, 92, 4),
('2023-03-25', 1, 98, 107, 10),
('2023-03-26', 1, 68, 75, 5),
('2023-03-27', 1, 123, 95, 4),
('2023-03-28', 1, 55, 92, 5),
('2023-03-29', 1, 65, 129, 7),
('2023-03-30', 1, 52, 100, 4),
('2023-03-31', 1, 120, 68, 7),
('2023-04-01', 8, 102, 53, 1),
('2023-04-02', 7, 111, 98, 1),
('2023-04-03', 7, 53, 117, 1),
('2023-04-04', 4, 77, 109, 1),
('2023-04-05', 11, 122, 56, 1),
('2023-04-06', 4, 62, 83, 1),
('2023-04-07', 6, 52, 103, 1),
('2023-04-08', 8, 85, 118, 1),
('2023-04-09', 2, 98, 64, 1),
('2023-04-10', 2, 95, 122, 1),
('2023-04-11', 10, 79, 55, 1),
('2023-04-12', 6, 86, 129, 1),
('2023-04-13', 10, 100, 87, 1),
('2023-04-14', 11, 52, 113, 1),
('2023-04-15', 1, 112, 124, 7),
('2023-04-16', 1, 75, 85, 6),
('2023-04-17', 1, 84, 92, 4),
('2023-04-18', 1, 59, 107, 10),
('2023-04-19', 1, 104, 105, 4),
('2023-04-20', 1, 129, 119, 7),
('2023-04-21', 1, 121, 87, 11),
('2023-04-22', 1, 54, 108, 4),
('2023-04-23', 1, 108, 56, 11),
('2023-04-24', 1, 77, 87, 5),
('2023-04-25', 1, 120, 65, 6),
('2023-04-26', 5, 114, 59, 1),
('2023-04-27', 7, 56, 94, 1),
('2023-04-28', 6, 110, 100, 1),
('2023-04-29', 2, 99, 64, 1),
('2023-04-30', 5, 128, 103, 1),
('2023-05-01', 10, 123, 53, 1),
('2023-05-02', 2, 65, 92, 1),
('2023-05-03', 10, 66, 101, 1),
('2023-05-04', 5, 90, 71, 1),
('2023-05-05', 8, 95, 125, 1),
('2023-05-06', 5, 117, 100, 1),
('2023-05-07', 1, 123, 88, 5),
('2023-05-08', 1, 76, 85, 6),
('2023-05-09', 1, 65, 57, 5),
('2023-05-10', 10, 75, 53, 1),
('2023-05-11', 10, 74, 105, 1),
('2023-05-12', 2, 70, 101, 1),
('2023-05-13', 1, 85, 79, 8),
('2023-05-14', 1, 72, 82, 5),
('2023-05-15', 1, 112, 69, 2),
('2023-05-16', 1, 106, 84, 11),
('2023-05-17', 1, 124, 99, 5),
('2023-05-18', 1, 60, 115, 2),
('2023-05-19', 1, 101, 101, 6),
('2023-05-20', 1, 78, 56, 11),
('2023-05-21', 5, 94, 51, 1),
('2023-05-22', 2, 119, 50, 1),
('2023-05-23', 2, 119, 67, 1),
('2023-05-24', 2, 127, 88, 1),
('2023-05-25', 10, 60, 85, 1),
('2023-05-26', 6, 120, 106, 1),
('2023-05-27', 1, 89, 58, 10),
('2023-05-28', 1, 94, 128, 3),
('2023-05-29', 1, 90, 80, 6),
('2023-05-30', 1, 74, 69, 3),
('2023-05-31', 1, 52, 70, 5),
('2023-06-01', 1, 77, 51, 3),
('2023-06-02', 1, 69, 69, 7),
('2023-06-03', 5, 102, 68, 1),
('2023-06-04', 8, 94, 82, 1),
('2023-06-05', 6, 102, 109, 1),
('2023-06-06', 1, 122, 106, 5),
('2023-06-07', 1, 105, 92, 2),
('2023-06-08', 1, 119, 117, 2),
('2023-06-09', 1, 127, 104, 6),
('2023-06-10', 1, 96, 107, 2),
('2023-06-11', 7, 51, 115, 1),
('2023-06-12', 6, 87, 58, 1),
('2023-06-13', 5, 112, 87, 1),
('2023-06-14', 9, 108, 83, 1),
('2023-06-15', 1, 106, 110, 5),
('2023-06-16', 6, 106, 119, 1),
('2023-06-17', 1, 55, 129, 3),
('2023-06-18', 3, 71, 83, 1),
('2023-06-19', 2, 63, 71, 1),
('2023-06-20', 2, 102, 100, 1),
('2023-06-21', 11, 104, 85, 1),
('2023-06-22', 2, 127, 97, 1),
('2023-06-23', 1, 101, 129, 9),
('2023-06-24', 1, 51, 51, 4),
('2023-06-25', 1, 89, 95, 3),
('2023-06-26', 1, 51, 116, 6),
('2023-06-27', 1, 100, 57, 4),
('2023-06-28', 1, 63, 102, 3),
('2023-06-29', 9, 123, 98, 1),
('2023-06-30', 6, 54, 54, 1),
('2023-07-01', 4, 101, 105, 1),
('2023-07-02', 3, 61, 110, 1),
('2023-07-03', 3, 74, 80, 1),
('2023-07-04', 10, 125, 72, 1),
('2023-07-05', 4, 61, 68, 1),
('2023-07-06', 1, 75, 98, 3),
('2023-07-07', 1, 116, 66, 10),
('2023-07-08', 1, 50, 74, 3),
('2023-07-09', 1, 72, 94, 6),
('2023-07-10', 1, 108, 115, 4),
('2023-07-11', 1, 126, 91, 7),
('2023-07-12', 1, 93, 93, 6),
('2023-07-13', 1, 129, 77, 4),
('2023-07-14', 1, 81, 55, 3),
('2023-07-15', 3, 56, 95, 1),
('2023-07-16', 10, 123, 66, 1),
('2023-07-17', 7, 129, 96, 1),
('2023-07-18', 3, 127, 104, 1),
('2023-07-19', 7, 107, 55, 1),
('2023-07-20', 2, 57, 100, 1),
('2023-07-21', 9, 100, 64, 1),
('2023-07-22', 2, 79, 124, 1),
('2023-07-23', 3, 56, 63, 1),
('2023-07-24', 1, 125, 63, 3),
('2023-07-25', 1, 89, 84, 6),
('2023-07-26', 1, 96, 105, 2),
('2023-07-27', 1, 75, 57, 2),
('2023-07-28', 1, 71, 64, 9),
('2023-07-29', 1, 108, 82, 2),
('2023-07-30', 1, 130, 124, 9),
('2023-07-31', 1, 114, 68, 3),
('2023-08-01', 3, 128, 101, 1),
('2023-08-02', 1, 127, 94, 4),
('2023-08-03', 6, 91, 128, 1),
('2023-08-04', 4, 80, 107, 1),
('2023-08-05', 4, 56, 70, 1),
('2023-08-06', 3, 82, 94, 1),
('2023-08-07', 1, 115, 74, 10),
('2023-08-08', 1, 65, 63, 3),
('2023-08-09', 1, 104, 50, 9),
('2023-08-10', 1, 88, 122, 2),
('2023-08-11', 1, 59, 79, 2),
('2023-08-12', 1, 93, 95, 7),
('2023-08-13', 1, 79, 86, 10),
('2023-08-14', 1, 54, 120, 9),
('2023-08-15', 1, 58, 69, 6),
('2023-08-16', 7, 111, 62, 1),
('2023-08-17', 6, 60, 88, 1),
('2023-08-18', 2, 90, 75, 1),
('2023-08-19', 2, 68, 94, 1),
('2023-08-20', 9, 130, 70, 1),
('2023-08-21', 3, 121, 126, 1),
('2023-08-22', 3, 53, 90, 1),
('2023-08-23', 1, 97, 106, 6),
('2023-08-24', 1, 94, 70, 3),
('2023-08-25', 1, 63, 89, 9),
('2023-08-26', 1, 116, 115, 2),
('2023-08-27', 1, 75, 116, 2),
('2023-08-28', 1, 108, 52, 3),
('2023-08-29', 1, 129, 117, 6),
('2023-08-30', 1, 123, 94, 8),
('2023-08-31', 1, 111, 69, 3),
('2023-09-01', 9, 76, 113, 1),
('2023-09-02', 6, 126, 60, 1),
('2023-09-03', 8, 73, 84, 1),
('2023-09-04', 2, 62, 99, 1),
('2023-09-05', 2, 126, 128, 1),
('2023-09-06', 3, 122, 54, 1),
('2023-09-07', 4, 56, 80, 1),
('2023-09-08', 1, 55, 105, 3),
('2023-09-09', 1, 75, 72, 4),
('2023-09-10', 1, 82, 54, 2),
('2023-09-11', 1, 75, 90, 10),
('2023-09-12', 1, 100, 127, 3),
('2023-09-13', 3, 65, 80, 1),
('2023-09-14', 11, 90, 74, 1),
('2023-09-15', 2, 123, 53, 1),
('2023-09-16', 10, 64, 112, 1),
('2023-09-17', 3, 106, 128, 1),
('2023-09-18', 4, 70, 60, 1),
('2023-09-19', 10, 53, 74, 1),
('2023-09-20', 1, 104, 62, 6),
('2023-09-21', 1, 50, 64, 4),
('2023-09-22', 1, 104, 85, 2),
('2023-09-23', 1, 92, 98, 2),
('2023-09-24', 1, 52, 79, 7),
('2023-09-25', 1, 130, 101, 3),
('2023-09-26', 11, 118, 129, 1),
('2023-09-27', 7, 127, 121, 1),
('2023-09-28', 8, 80, 71, 1),
('2023-09-29', 2, 101, 97, 1),
('2023-09-30', 2, 53, 61, 1),
('2023-10-01', 3, 58, 71, 1),
('2023-10-02', 2, 100, 98, 1),
('2023-10-03', 5, 76, 94, 1),
('2023-10-04', 3, 90, 66, 1),
('2023-10-05', 4, 80, 75, 1),
('2023-10-06', 1, 122, 105, 5),
('2023-10-07', 1, 103, 70, 4),
('2023-10-08', 1, 122, 76, 3),
('2023-10-09', 1, 97, 73, 3),
('2023-10-10', 1, 73, 90, 6),
('2023-10-11', 1, 73, 91, 4),
('2023-10-12', 1, 126, 52, 8),
('2023-10-13', 1, 71, 58, 5),
('2023-10-14', 1, 117, 82, 4),
('2023-10-15', 1, 70, 94, 6),
('2023-10-16', 1, 118, 68, 9),
('2023-10-17', 1, 99, 126, 5),
('2023-10-18', 1, 62, 53, 6),
('2023-10-19', 1, 68, 108, 5),
('2023-10-20', 5, 61, 123, 1),
('2023-10-21', 8, 125, 107, 1),
('2023-10-22', 6, 121, 69, 1),
('2023-10-23', 8, 53, 80, 1),
('2023-10-24', 2, 70, 73, 1),
('2023-10-25', 8, 77, 81, 1),
('2023-10-26', 2, 50, 108, 1),
('2023-10-27', 3, 78, 57, 1),
('2023-10-28', 5, 100, 57, 1),
('2023-10-29', 3, 59, 75, 1),
('2023-10-30', 1, 60, 53, 5),
('2023-10-31', 1, 94, 99, 6),
('2023-11-01', 1, 109, 73, 2),
('2023-11-02', 1, 127, 82, 3),
('2023-11-03', 1, 127, 61, 3),
('2023-11-04', 1, 112, 76, 6),
('2023-11-05', 1, 55, 58, 2),
('2023-11-06', 1, 114, 71, 3),
('2023-11-07', 1, 73, 72, 2),
('2023-11-08', 1, 53, 97, 7),
('2023-11-09', 1, 51, 62, 5),
('2023-11-10', 5, 87, 122, 1),
('2023-11-11', 3, 70, 96, 1),
('2023-11-12', 7, 96, 81, 1),
('2023-11-13', 3, 53, 96, 1),
('2023-11-14', 7, 70, 82, 1),
('2023-11-15', 3, 84, 51, 1),
('2023-11-16', 9, 84, 94, 1),
('2023-11-17', 7, 94, 126, 1),
('2023-11-18', 9, 103, 119, 1),
('2023-11-19', 1, 106, 53, 9),
('2023-11-20', 1, 67, 74, 9),
('2023-11-21', 10, 60, 103, 1),
('2023-11-22', 8, 130, 100, 1),
('2023-11-23', 9, 56, 85, 1),
('2023-11-24', 1, 84, 73, 10),
('2023-11-25', 1, 78, 90, 11),
('2023-11-26', 1, 74, 125, 5),
('2023-11-27', 1, 113, 57, 5),
('2023-11-28', 1, 87, 129, 8),
('2023-11-29', 1, 79, 125, 6),
('2023-11-30', 5, 88, 61, 1),
('2023-12-01', 3, 99, 117, 1),
('2023-12-02', 9, 93, 90, 1),
('2023-12-03', 6, 60, 111, 1),
('2023-12-04', 3, 80, 114, 1),
('2023-12-05', 10, 84, 55, 1),
('2023-12-06', 3, 58, 121, 1),
('2023-12-07', 7, 93, 108, 1),
('2023-12-08', 8, 113, 128, 1),
('2023-12-09', 1, 129, 70, 7),
('2023-12-10', 1, 52, 97, 5),
('2023-12-11', 1, 116, 118, 9),
('2023-12-12', 1, 52, 67, 7),
('2023-12-13', 1, 53, 62, 3),
('2023-12-14', 1, 126, 96, 6),
('2023-12-15', 1, 53, 129, 5),
('2023-12-16', 1, 73, 80, 6),
('2023-12-17', 1, 104, 90, 8),
('2023-12-18', 1, 108, 60, 3),
('2023-12-19', 1, 122, 50, 3),
('2023-12-20', 1, 72, 65, 4),
('2023-12-21', 1, 72, 100, 7),
('2023-12-22', 1, 107, 116, 3),
('2023-12-23', 3, 52, 117, 1),
('2023-12-24', 7, 50, 77, 1),
('2023-12-25', 4, 106, 54, 1),
('2023-12-26', 7, 54, 126, 1),
('2023-12-27', 6, 94, 121, 1),
('2023-12-28', 4, 130, 106, 1),
('2023-12-29', 5, 55, 81, 1),
('2023-12-30', 3, 112, 56, 1),
('2023-12-31', 4, 128, 59, 1);

-- --------------------------------------------------------

--
-- Table structure for table `player`
--

CREATE TABLE `player` (
  `id` int(2) DEFAULT NULL,
  `name` varchar(19) DEFAULT NULL,
  `points` decimal(3,1) DEFAULT NULL,
  `rebound` decimal(3,1) DEFAULT NULL,
  `assist` decimal(2,1) DEFAULT NULL,
  `backnumber` int(2) DEFAULT NULL,
  `position` varchar(2) DEFAULT NULL
) ENGINE=InnoDB DEFAULT CHARSET=utf8;

--
-- Dumping data for table `player`
--

INSERT INTO `player` (`id`, `name`, `points`, `rebound`, `assist`, `backnumber`, `position`) VALUES
(1, 'Colin Castleton', '2.6', '1.3', '0.4', 14, 'C'),
(2, 'Max Christie', '4.9', '2.4', '1.0', 10, 'G'),
(3, 'Anthony Davis', '24.9', '12.3', '3.6', 3, 'PF'),
(4, 'Spencer Dinwiddie', '11.4', '2.9', '5.6', 26, 'PG'),
(5, 'Harry Giles III', '3.2', '1.6', '0.4', 20, 'F'),
(6, 'Rui Hachimura', '12.2', '3.8', '1.0', 28, 'PF'),
(7, 'Jaxson Hayes', '3.7', '2.5', '0.5', 11, 'C'),
(8, 'D\'Moi Hodge', '2.0', '0.0', '0.7', 55, 'G'),
(9, 'Jalen Hood-Schifino', '1.7', '0.7', '0.4', 0, 'G'),
(10, 'LeBron James', '25.2', '7.1', '7.9', 23, 'SF'),
(11, 'Maxwell Lewis', '0.3', '0.1', '0.1', 21, 'F'),
(12, 'Skylar Mays', '4.9', '1.4', '2.7', 4, 'SG'),
(13, 'Taurean Prince', '9.2', '3.0', '1.7', 12, 'PF'),
(14, 'Austin Reaves', '15.7', '4.0', '5.6', 15, 'SG'),
(15, 'Cam Reddish', '6.2', '2.3', '1.2', 5, 'SF'),
(16, 'D\'Angelo Russell', '17.8', '2.9', '6.2', 1, 'PG'),
(17, 'Jarred Vanderbilt', '5.2', '4.8', '1.2', 2, 'PF'),
(18, 'Gabe Vincent', '5.4', '1.0', '3.0', 7, 'PF'),
(19, 'Christian Wood', '6.9', '5.1', '1.0', 35, 'F');

-- --------------------------------------------------------

--
-- Table structure for table `position`
--

CREATE TABLE `position` (
  `positionID` varchar(10) NOT NULL,
  `positionName` varchar(255) NOT NULL
) ENGINE=InnoDB DEFAULT CHARSET=utf8mb4;

--
-- Dumping data for table `position`
--

INSERT INTO `position` (`positionID`, `positionName`) VALUES
('C', 'Center'),
('G', 'Guard'),
('PF', 'Power Forward'),
('PG', 'Point Guard'),
('F', 'Forward'),
('SF', 'Small Forward'),
('SG', 'Shooting Guard');

-- --------------------------------------------------------

--
-- Table structure for table `team`
--

CREATE TABLE `team` (
  `id` int(11) NOT NULL,
  `team_name` varchar(255) NOT NULL
) ENGINE=InnoDB DEFAULT CHARSET=utf8mb4;

--
-- Dumping data for table `team`
--

INSERT INTO `team` (`id`, `team_name`) VALUES
(1, 'Lakers'),
(2, 'Boston Celtics'),
(3, 'Houston Rockets'),
(4, 'Chicago Bulls'),
(5, 'Miami Heat'),
(6, 'Golden State Warriors'),
(7, 'Utah Jazz'),
(8, 'Toronto Raptors'),
(9, 'Indiana Pacers'),
(10, 'Orlando Magic'),
(11, 'Dallas Mavericks');
COMMIT;

/*!40101 SET CHARACTER_SET_CLIENT=@OLD_CHARACTER_SET_CLIENT */;
/*!40101 SET CHARACTER_SET_RESULTS=@OLD_CHARACTER_SET_RESULTS */;
/*!40101 SET COLLATION_CONNECTION=@OLD_COLLATION_CONNECTION */;
